{"cameraMode":{"drawMode":0,"name":"Shaded","section":"Shading Mode"},"sceneLighting":false,"audioPlay":false,"sceneViewState":{"m_AlwaysRefresh":false,"showFog":true,"showSkybox":false,"showFlares":true,"showImageEffects":true,"showParticleSystems":true,"showVisualEffectGraphs":true,"m_FxEnabled":true},"in2DMode":false,"pivot":{"x":258.4620361328125,"y":-0.014670401811599732,"z":352.14129638671877},"rotation":{"x":0.07878132909536362,"y":-0.6723142862319946,"z":0.07185416668653488,"w":0.732821524143219},"size":1.1884981393814088,"orthographic":false}