{"cameraMode":{"drawMode":0,"name":"Shaded","section":"Shading Mode"},"sceneLighting":false,"audioPlay":false,"sceneViewState":{"m_AlwaysRefresh":false,"showFog":true,"showSkybox":false,"showFlares":true,"showImageEffects":true,"showParticleSystems":true,"showVisualEffectGraphs":true,"m_FxEnabled":true},"in2DMode":false,"pivot":{"x":198.13088989257813,"y":-64.38751220703125,"z":603.9276733398438},"rotation":{"x":0.06326152384281159,"y":-0.01677955873310566,"z":0.001090421574190259,"w":0.9979029893875122},"size":2.1168689727783205,"orthographic":false}